"Reference","Value","Datasheet","Footprint","Qty","DNP"
"C1,C2","4.7u","~","Capacitor_SMD:C_0402_1005Metric","2",""
"D1,D2","LED","~","LED_SMD:LED_0603_1608Metric","2",""
"H1,H2,H3,H4","MountingHole","~","MountingHole:MountingHole_2.7mm","4",""
"J1,J2","10118193-0001LF","","10118193_0001LF:AMPHENOL_10118193-0001LF","2",""
"J3","S2B-PH-K-S_LF__SN_","","POWERMANAGEMENT_FOOTPRINTS:JST_S2B-PH-K-S_LF__SN_","1",""
"R1,R3","470","~","Resistor_SMD:R_0603_1608Metric","2",""
"R2","2k","~","Resistor_SMD:R_0603_1608Metric","1",""
"U1","MCP73831-2-OT","http://ww1.microchip.com/downloads/en/DeviceDoc/20001984g.pdf","Package_TO_SOT_SMD:SOT-23-5","1",""
"U2","Boost","","POWERMANAGEMENT_FOOTPRINTS:Boost_Converter","1",""
"U3","JS202011CQN","JS202011CQN","Button_Switch_THT:SW_CK_JS202011CQN_DPDT_Straight","1",""
