"Reference","Value","Datasheet","Footprint","Qty","DNP"
"C1","100nF","~","Capacitor_SMD:C_0402_1005Metric","1",""
"D1,D2,D3","LED","~","LED_SMD:LED_0603_1608Metric","3",""
"H1,H2,H3,H4","MountingHole","~","MountingHole:MountingHole_2.7mm","4",""
"J1,J2","282834-5","","Capstone_PicoW_Footprints:TE_282834-5","2",""
"R1,R2,R3","220","~","Resistor_SMD:R_0603_1608Metric","3",""
"R4,R5","10k","~","Resistor_SMD:R_0603_1608Metric","2",""
"U1","ADS1115","","Capstone_PicoW_Footprints:MSOP10_0.5","1",""
"U2","RASPBERRY_PI_PICO_W","","Capstone_PicoW_Footprints:PICO_W_TH","1",""
"U3","IMU","","Capstone_PicoW_Footprints:IMU_THT","1",""
